EL00003	eng-WL-11-174596-12958279	AUSTRALIA
EL00004	eng-WL-110-174632-12995534	AUSTRALIA
EL00008	eng-WL-11-174585-12940356	AUSTRALIA
EL00009	eng-WL-11-174575-12945393	AUSTRALIA
EL00010	eng-WL-11-174596-12955363	AUSTRALIA
EL00012	eng-WL-11-174585-12939754	AUSTRALIA
EL00019	eng-WL-11-174646-13000609	AZ
EL00026	eng-WL-11-174574-12934438	AZ
EL00027	eng-WL-108-174569-12987490	AZ
EL00028	eng-WL-11-174595-12968547	AZ
EL00036	eng-NG-31-129395-12101307	Aberdeen
EL00044	eng-WL-11-174611-12978627	Alabama
EL00051	eng-WL-108-174569-12987473	Alabama
EL00065	eng-WL-11-174611-12974435	Albania
EL00106	eng-WL-11-174596-12956911	Algeria
EL00113	eng-WL-11-174596-12955449	Amsterdam
EL00123	eng-WL-11-174595-12968559	Amsterdam
EL00145	eng-NG-31-142512-10062328	Ankara
EL00147	eng-NG-31-109023-12026103	Ankara
EL00149	eng-WL-11-174596-12954946	Annapolis
EL00150	eng-WL-11-174611-12982210	Annapolis
EL00155	eng-WL-11-174596-12955185	Annapolis
EL00156	eng-WL-11-174611-12986418	Annapolis
EL00167	eng-WL-11-174596-12955316	Annapolis
EL00172	eng-NG-31-142679-10067502	Ariz
EL00204	eng-WL-11-174611-12975322	Arkansas
EL00206	eng-WL-11-174575-12947270	Arkansas
EL00216	eng-WL-11-174591-12958006	Arkansas
EL00229	eng-WL-11-174643-13000080	Athens
EL00231	eng-WL-109-174581-12950109	Athens
EL00232	eng-WL-11-174643-12999727	Athens
EL00234	eng-WL-11-174595-12968364	Athens
EL00249	eng-WL-11-174572-12950048	Atlantic City
EL00252	eng-WL-11-174587-12961039	Atlantic City
EL00266	eng-WL-11-174595-12968072	Baghdad
EL00271	eng-WL-11-174596-12953382	Baghdad
EL00285	eng-NG-31-138462-9807030	Baltimore City
EL00293	eng-WL-11-174596-12956267	Bangladesh
EL00304	eng-NG-31-100578-11879229	Barnhill
EL00309	eng-WL-11-174596-12958439	Baton Rouge
EL00313	eng-WL-11-174596-12958527	Baton Rouge
EL00322	eng-WL-11-174575-12945798	Baton Rouge
EL00325	eng-WL-109-174581-12950779	Bavaria
EL00331	eng-WL-11-174596-12956029	Beijing
EL00337	eng-WL-11-174596-12959199	Beijing
EL00345	eng-WL-11-174575-12944906	Beijing
EL00366	eng-WL-11-174596-12957677	Beirut
EL00374	eng-WL-11-174611-12981967	Berkeley
EL00380	eng-WL-11-174643-12999730	Berkeley
EL00389	eng-NG-31-142144-10007831	Bolivia
EL00393	eng-WL-11-174596-12952834	Bolivia
EL00421	eng-WL-11-174611-12986312	Boston
EL00423	eng-WL-11-174574-12934085	Boston
EL00426	eng-WL-11-174611-12985015	Boston
EL00435	eng-WL-11-174588-12938703	Brentwood
EL00445	eng-WL-109-174581-12950796	Brentwood
EL00446	eng-WL-11-174588-12938647	Brentwood
EL00462	eng-WL-11-174611-12981297	British Columbia
EL00465	eng-WL-11-174611-12969875	British Columbia
EL00466	eng-WL-11-174595-12971625	British Columbia
EL00477	eng-NG-31-101683-11627773	Brunei
EL00480	eng-NG-31-100316-11777251	Brunei
EL00487	eng-WL-11-174592-12941709	Bucharest
EL00495	eng-WL-11-174596-12954988	Buenos Aires
EL00498	eng-NG-31-100885-10926699	Buenos Aires
EL00500	eng-WL-11-174596-12953770	Buenos Aires
EL00503	eng-WL-11-174596-12952330	Buenos Aires
EL00507	eng-WL-11-174611-12971201	Buenos Aires
EL00523	eng-WL-11-174575-12944992	Bulgaria
EL00529	eng-WL-11-174583-12936516	Burma
EL00533	eng-WL-11-174596-12958464	Burma
EL00537	eng-WL-11-174596-12955567	Burma
EL00539	eng-WL-11-174583-12935586	Burma
EL00542	eng-WL-11-174598-12966829	Burma
EL00547	eng-WL-11-174584-12964335	CA
EL00548	eng-WL-11-174595-12968208	CA
EL00549	eng-WL-11-174604-12977350	CA
EL00555	eng-WL-11-174572-12948499	CA
EL00559	eng-WL-11-174587-12961041	CA
EL00561	eng-WL-11-174595-12971364	CA
EL00564	eng-WL-11-174611-12982079	CO
EL00579	eng-WL-11-174595-12967378	CO
EL00594	eng-NG-31-102868-11652545	Calcutta
EL00599	eng-NG-31-142158-10034122	Calcutta
EL00610	eng-WL-11-174646-13000701	Cambodia
EL00619	eng-WL-11-174604-12977668	Cambodia
EL00634	eng-WL-106-174566-12931520	Cambridge
EL00635	eng-WL-11-174597-12965285	Cambridge
EL00641	eng-WL-11-174611-12982229	Cambridge
EL00643	eng-WL-11-174596-12956917	Cameroon
EL00652	eng-WL-11-174611-12976539	Cameroon
EL00659	eng-WL-11-174596-12956517	Canada
EL00664	eng-WL-11-174596-12952091	Canada
EL00675	eng-WL-108-174570-12987613	Cancun
EL00700	eng-NG-31-100600-11180602	Cape Cod
EL00701	eng-NG-31-100652-11200573	Cape Cod
EL00704	eng-NG-31-142699-10086111	Carson City
EL00706	eng-NG-31-142693-10076137	Carson City
EL00712	eng-NG-31-108119-12007276	Cedar Falls
EL00714	eng-NG-31-133415-9538117	Cedar Rapids
EL00725	eng-WL-110-174621-12994989	Charleston
EL00733	eng-WL-11-174588-12938689	Charleston
EL00746	eng-WL-11-174646-13000597	Chicago
EL00760	eng-WL-11-174611-12984584	Chicago
EL00764	eng-WL-11-174595-12968180	Cleveland
EL00765	eng-WL-11-174611-12975056	Cleveland
EL00766	eng-WL-11-174595-12968416	Cleveland
EL00768	eng-WL-11-174595-12968322	Cleveland
EL00776	eng-WL-11-174574-12940247	Cleveland
EL00781	eng-WL-11-174575-12944081	Colombia
EL00788	eng-WL-11-174604-12977350	Colombia
EL00789	eng-WL-11-174595-12968070	Colombia
EL00797	eng-WL-11-174596-12953770	Colombia
EL00800	eng-WL-11-174604-12977346	Colombia
EL00805	eng-WL-11-174611-12979779	Colorado
EL00812	eng-WL-11-174611-12980330	Colorado
EL00820	eng-WL-11-174611-12976638	Colorado
EL00831	eng-WL-11-174588-12938689	Columbia
EL00845	eng-NG-31-142900-10121829	Constantinople
EL00848	eng-NG-31-142900-10121571	Constantinople
EL00859	eng-WL-11-174596-12952013	Copenhagen
EL00877	eng-WL-11-174595-12973888	Costa Rica
EL00884	eng-NG-31-102460-10984477	Costa Rica
EL00892	eng-NG-31-107978-12001926	Croatia
EL00896	eng-WL-11-174609-12983304	Croatia
EL00898	eng-WL-110-174632-12995256	Croatia
EL00908	eng-WL-11-174575-12949183	Croatia
EL00919	eng-WL-11-174595-12968296	Czech Republic
EL00920	eng-WL-11-174596-12955230	Czech Republic
EL00925	eng-WL-11-174592-12943242	Czech Republic
EL00953	eng-WL-11-174604-12977453	Dallas
EL00969	eng-NG-31-142682-10069774	Daytona Beach
EL00972	eng-NG-31-106884-11992929	Daytona Beach
EL00973	eng-NG-31-100764-10904388	Daytona Beach
EL00979	eng-WL-11-174595-12966322	Dearborn
EL00983	eng-WL-11-174595-12968334	Dearborn
EL00999	eng-WL-110-174632-12995386	Delhi
EL01000	eng-WL-11-174611-12974895	Delhi
EL01024	eng-WL-11-174595-12967378	Denver
EL01025	eng-WL-11-174584-12964438	Denver
EL01029	eng-WL-11-174611-12982708	Denver
EL01035	eng-WL-11-174596-12951066	Detroit
EL01040	eng-WL-11-174595-12967939	Detroit
EL01047	eng-WL-11-174595-12967896	Detroit
EL01061	eng-NG-31-100699-11560572	Dominican Republic
EL01102	eng-WL-11-174596-12952088	Edmonton
EL01108	eng-WL-11-174596-12955009	Egypt
EL01111	eng-WL-11-174596-12956917	Egypt
EL01113	eng-WL-11-174596-12958389	Egypt
EL01116	eng-WL-11-174596-12957730	Egypt
EL01119	eng-WL-11-174646-13000548	Egypt
EL01122	eng-WL-11-174596-12956026	Egypt
EL01131	eng-WL-11-174595-12968271	Estonia
EL01133	eng-WL-11-174596-12955230	Estonia
EL01135	eng-WL-11-174611-12980822	Estonia
EL01138	eng-NG-31-142158-10034344	Faisalabad
EL01139	eng-NG-31-141913-9976344	Faisalabad
EL01146	eng-WL-11-174595-12965759	Ferndale
EL01151	eng-WL-11-174643-12999834	Flint
EL01158	eng-WL-106-174566-12931353	GA
EL01160	eng-WL-11-174592-12942354	GA
EL01167	eng-WL-11-174595-12968235	GA
EL01169	eng-WL-11-174595-12967822	GA
EL01176	eng-NG-31-142498-10049836	Ga
EL01181	eng-NG-31-149915-10616765	Ga
EL01184	eng-NG-31-100698-11210068	Ga
EL01197	eng-WL-110-174620-12989648	Glastonbury
EL01199	eng-WL-11-174592-12943026	Glendale
EL01203	eng-NG-31-140128-9881613	Glendale
EL01212	eng-NG-31-140124-9873766	Glendale
EL01214	eng-NG-31-141955-9977340	Glendale
EL01222	eng-WL-109-174581-12949844	Gloucester
EL01257	eng-NG-31-142692-10073370	Hanoi
EL01266	eng-NG-31-102460-11229895	Hanoi
EL01268	eng-NG-31-143151-10149117	Hanoi
EL01271	eng-WL-11-174596-12958361	Hanoi
EL01278	eng-WL-11-174611-12970766	Hawaii
EL01286	eng-WL-11-174595-12967631	Hawaii
EL01288	eng-WL-11-174595-12967580	Hawaii
EL01291	eng-WL-11-174595-12968566	Hawaii
EL01295	eng-NG-31-100407-11154971	Hebei
EL01296	eng-NG-31-103742-11260117	Hebei
EL01301	eng-NG-31-140210-9888437	Hebei
EL01313	eng-NG-31-142157-10033209	Hebron
EL01320	eng-NG-31-142760-10091538	Hebron
EL01323	eng-NG-31-142148-10019621	Hebron
EL01327	eng-NG-31-100873-10925996	Hilton Head
EL01329	eng-NG-31-102460-11229847	Hilton Head
EL01330	eng-WL-11-174575-12949238	Honduras
EL01338	eng-WL-11-174611-12971589	Honolulu
EL01341	eng-WL-11-174595-12968568	Honolulu
EL01369	eng-WL-11-174575-12945815	Houston
EL01373	eng-WL-11-174604-12977601	Houston
EL01377	eng-WL-11-174643-13000317	Houston
EL01378	eng-WL-11-174596-12952609	Indiana
EL01379	eng-WL-11-174611-12976087	Indiana
EL01388	eng-WL-11-174588-12938446	Indiana
EL01419	eng-NG-31-100600-11181312	Iowa City
EL01424	eng-NG-31-138462-9807316	Iowa City
EL01433	eng-WL-11-174611-12974494	Irvine
EL01443	eng-WL-11-174575-12943821	Islamabad
EL01445	eng-WL-11-174596-12958604	Islamabad
EL01460	eng-WL-11-174596-12953024	Islamabad
EL01462	eng-WL-11-174596-12954600	Istanbul
EL01465	eng-WL-11-174596-12958237	Istanbul
EL01484	eng-NG-31-102460-10984213	Jackson County
EL01492	eng-NG-31-102460-11645012	KABUL
EL01496	eng-NG-31-146063-10338734	KANSAS CITY
EL01501	eng-WL-11-174611-12973834	Kabul
EL01504	eng-WL-11-174596-12950829	Kabul
EL01505	eng-WL-11-174596-12951927	Kabul
EL01511	eng-WL-11-174596-12951375	Kabul
EL01526	eng-WL-11-174611-12972956	Kalamazoo
EL01546	eng-NG-31-142154-10029942	Karnataka
EL01565	eng-WL-11-174611-12975442	Kentucky
EL01568	eng-WL-11-174596-12952564	Kentucky
EL01576	eng-WL-11-174595-12968841	Kentucky
EL01581	eng-WL-11-174575-12943821	Kenya
EL01583	eng-WL-11-174611-12980394	Kenya
EL01591	eng-WL-11-174608-12979906	Kenya
EL01593	eng-WL-11-174575-12946102	Kenya
EL01595	eng-WL-11-174611-12973196	Kenya
EL01610	eng-WL-11-174611-12976630	Key West
EL01620	eng-WL-11-174611-12972687	Key West
EL01624	eng-WL-11-174604-12977634	Korea
EL01632	eng-WL-108-174568-12987296	Korea
EL01651	eng-WL-11-174596-12952905	Kyrgyzstan
EL01662	eng-WL-11-174596-12955648	LONDON
EL01664	eng-WL-11-174595-12966897	LONDON
EL01665	eng-NG-31-147907-10554018	LONG BEACH
EL01702	eng-WL-11-174595-12967923	Laguna Beach
EL01716	eng-NG-31-142893-10117063	Lansing
EL01719	eng-NG-31-142692-10073092	Lansing
EL01728	eng-WL-11-174592-12941634	Las Vegas
EL01745	eng-NG-31-141860-9973802	Lawrenceville
EL01747	eng-NG-31-142760-10091578	Lawrenceville
EL01749	eng-NG-31-129158-9360351	Lawrenceville
EL01763	eng-WL-11-174604-12977463	Lebanon
EL01765	eng-WL-11-174596-12956663	Lebanon
EL01770	eng-WL-11-174596-12956721	Lebanon
EL01773	eng-WL-109-174581-12950782	Lexington
EL01774	eng-WL-11-174584-12960729	Lexington
EL01783	eng-NG-31-141913-9976375	Lisbon
EL01784	eng-NG-31-138596-9809718	Lisbon
EL01806	eng-NG-31-141957-9980284	Los Angeles County
EL01817	eng-WL-11-174595-12968218	Los Angeles County
EL01819	eng-WL-11-174611-12970955	Los Angeles County
EL01822	eng-WL-11-174575-12946677	Louisiana
EL01823	eng-WL-11-174596-12958621	Louisiana
EL01827	eng-WL-11-174611-12969566	Louisiana
EL01829	eng-WL-11-174595-12968149	Louisiana
EL01838	eng-WL-11-174595-12967055	Louisiana
EL01849	eng-WL-11-174592-12942264	Lynwood
EL01850	eng-WL-11-174595-12970454	MD
EL01853	eng-WL-11-174584-12960463	MD
EL01854	eng-WL-11-174603-12973164	MD
EL01857	eng-WL-11-174584-12960729	MD
EL01859	eng-WL-11-174595-12968454	MD
EL01860	eng-WL-11-174575-12945143	MD
EL01866	eng-WL-11-174575-12943716	Madrid
EL01869	eng-WL-11-174596-12959009	Madrid
EL01880	eng-WL-110-174632-12995264	Malaysia
EL01886	eng-WL-11-174646-13000564	Malaysia
EL01890	eng-WL-108-174568-12987057	Malaysia
EL01895	eng-NG-31-102460-11837085	Maliki
EL01908	eng-NG-31-147907-10554386	Marion County
EL01913	eng-WL-11-174596-12954056	Marseille
EL01920	eng-WL-11-174596-12954946	Maryland
EL01923	eng-WL-11-174611-12977172	Maryland
EL01924	eng-WL-11-174596-12955532	Maryland
EL01926	eng-WL-11-174611-12981138	Maryland
EL01931	eng-WL-11-174611-12980055	Maryland
EL01933	eng-WL-11-174643-12999747	Maryland
EL01938	eng-WL-11-174575-12949041	Memphis
EL01946	eng-WL-11-174592-12942213	Memphis
EL01947	eng-WL-11-174574-12940247	Memphis
EL01963	eng-WL-11-174596-12952988	Mexico City
EL01968	eng-WL-11-174643-13000306	Mexico City
EL01987	eng-WL-11-174595-12968506	Miami
EL01999	eng-WL-11-174611-12974019	Milwaukee
EL02011	eng-WL-11-174595-12967690	Minneapolis
EL02015	eng-WL-109-174581-12950061	Minneapolis
EL02027	eng-WL-11-174611-12982224	Minneapolis
EL02037	eng-WL-11-174575-12944033	Mississippi
EL02041	eng-WL-11-174595-12968241	Mississippi
EL02043	eng-WL-11-174575-12944945	Mississippi
EL02055	eng-WL-11-174596-12951928	Mogadishu
EL02062	eng-WL-11-174611-12981835	Moldova
EL02069	eng-NG-31-142091-9996655	Mombasa
EL02073	eng-NG-31-139816-9852411	Mombasa
EL02084	eng-NG-31-138596-9809961	Monaco
EL02090	eng-NG-31-128576-12093141	Monaco
EL02102	eng-WL-11-174575-12943990	Montana
EL02104	eng-WL-11-174611-12985072	Montana
EL02106	eng-WL-11-174575-12944293	Montana
EL02111	eng-WL-11-174611-12973766	Montana
EL02113	eng-WL-11-174611-12972934	Montana
EL02117	eng-WL-11-174575-12946447	Montana
EL02120	eng-WL-11-174575-12948916	Montgomery
EL02124	eng-WL-11-174596-12954185	Montreal
EL02138	eng-WL-11-174596-12957462	Montreal
EL02143	eng-WL-11-174596-12958403	Montreal
EL02146	eng-WL-109-174581-12951188	Morrocco
EL02149	eng-WL-109-174581-12950500	Morrocco
EL02155	eng-NG-31-110443-12033365	Myrtle Beach
EL02161	eng-WL-11-174574-12938819	NJ
EL02166	eng-WL-11-174587-12961981	NJ
EL02172	eng-WL-11-174588-12938184	NJ
EL02191	eng-WL-11-174595-12967861	Nebraska
EL02192	eng-WL-11-174611-12969162	Nebraska
EL02211	eng-NG-31-141400-9953100	New Brunswick
EL02218	eng-NG-31-142498-10050301	New Brunswick
EL02228	eng-NG-31-141913-9975859	New Delhi
EL02236	eng-WL-11-174596-12951601	New Delhi
EL02249	eng-WL-11-174611-12980774	New Haven
EL02265	eng-WL-11-174588-12938415	New Mexico
EL02270	eng-WL-11-174611-12979779	New Mexico
EL02271	eng-WL-11-174597-12965385	New Mexico
EL02280	eng-WL-11-174611-12980193	New Mexico
EL02288	eng-NG-31-100600-11180555	New York NY
EL02297	eng-WL-11-174588-12938184	Newcastle
EL02321	eng-WL-11-174575-12947756	Nigeria
EL02325	eng-WL-111-174634-12995937	Nigeria
EL02327	eng-WL-11-174575-12947578	Nigeria
EL02338	eng-WL-11-174574-12934266	Nigeria
EL02344	eng-NG-31-142498-10050257	Norfolk
EL02352	eng-WL-11-174596-12956362	Norfolk
EL02362	eng-WL-11-174611-12970257	North Carolina
EL02366	eng-NG-31-137627-9799622	North Carolina
EL02367	eng-WL-11-174611-12986418	North Carolina
EL02375	eng-WL-11-174611-12975972	North Carolina
EL02387	eng-WL-11-174575-12945894	Omaha
EL02395	eng-NG-31-142499-10051033	Oman
EL02404	eng-NG-31-142156-10031686	Oman
EL02409	eng-NG-31-142147-10012471	Oman
EL02426	eng-NG-31-105609-11965577	Orange County
EL02428	eng-NG-31-147213-10489525	Orange County
EL02436	eng-NG-31-140141-9886987	Ore
EL02437	eng-WL-11-174596-12953049	Oregon
EL02441	eng-WL-11-174611-12979779	Oregon
EL02443	eng-WL-11-174646-13000591	Oregon
EL02451	eng-WL-11-174595-12967923	Oregon
EL02455	eng-WL-11-174611-12983870	Oregon
EL02456	eng-WL-11-174611-12977268	Oregon
EL02457	eng-NG-31-150016-10625860	Ormond Beach
EL02460	eng-WL-109-174581-12950591	Oxford
EL02462	eng-WL-109-174581-12949636	Oxford
EL02466	eng-WL-109-174581-12950578	Oxford
EL02468	eng-WL-109-174581-12950675	Oxford
EL02474	eng-WL-11-174646-13000559	Oxford
EL02475	eng-WL-109-174581-12950571	Oxford
EL02483	eng-WL-11-174611-12972055	Pa
EL02488	eng-NG-31-100554-11780891	Pa
EL02489	eng-WL-11-174575-12949416	Pa
EL02493	eng-NG-31-148121-10557491	Pa
EL02502	eng-WL-11-174596-12959308	Palestine
EL02508	eng-WL-11-174596-12958849	Palestine
EL02509	eng-WL-11-174596-12955009	Palestine
EL02510	eng-WL-11-174596-12954750	Palestine
EL02515	eng-WL-11-174596-12959667	Palestine
EL02528	eng-WL-11-174592-12941031	Panama
EL02530	eng-WL-11-174575-12948593	Panama
EL02545	eng-WL-11-174596-12957013	Paraguay
EL02557	eng-WL-11-174611-12980450	Pennsylvania
EL02586	eng-WL-108-174570-12988612	Peru
EL02594	eng-WL-11-174611-12979040	Peru
EL02598	eng-WL-11-174611-12972055	Philadelphia
EL02606	eng-WL-11-174584-12964424	Philadelphia
EL02607	eng-WL-11-174590-12957897	Philadelphia
EL02618	eng-WL-11-174588-12938299	Philly
EL02619	eng-WL-11-174611-12981430	Philly
EL02628	eng-WL-11-174588-12938254	Philly
EL02642	eng-WL-11-174595-12968292	Poland
EL02647	eng-WL-109-174581-12950369	Poland
EL02650	eng-WL-11-174596-12954300	Poland
EL02651	eng-WL-11-174572-12948499	Poland
EL02669	eng-WL-11-174596-12957556	Qatar
EL02672	eng-WL-11-174611-12978104	Qatar
EL02681	eng-WL-109-174581-12951149	Quebec
EL02685	eng-WL-11-174596-12955603	Quebec
EL02699	eng-WL-11-174603-12975417	RI
EL02706	eng-WL-11-174595-12968024	ROME
EL02720	eng-NG-31-142159-10034965	Rangoon
EL02728	eng-NG-31-142159-10035415	Rangoon
EL02732	eng-NG-31-142159-10034776	Rangoon
EL02753	eng-WL-11-174611-12971076	Rhode Island
EL02758	eng-WL-11-174575-12944628	Rhode Island
EL02770	eng-WL-110-174632-12995266	Romania
EL02771	eng-WL-11-174596-12953572	Romania
EL02772	eng-WL-11-174596-12955230	Romania
EL02777	eng-WL-11-174592-12943242	Romania
EL02789	eng-WL-11-174596-12952878	Rotterdam
EL02805	eng-NG-31-139687-9848837	SAN DIEGO
EL02808	eng-NG-31-140128-9881681	SAN DIEGO
EL02830	eng-NG-31-105609-11965601	SAN FRANCISCO
EL02831	eng-NG-31-137627-9799326	SAN FRANCISCO
EL02839	eng-NG-31-100600-11550547	SAN FRANCISCO
EL02856	eng-NG-31-133418-9545521	Saint Louis
EL02861	eng-NG-31-142885-10106022	Samarra
EL02865	eng-NG-31-149616-10593789	Samarra
EL02866	eng-NG-31-142885-10105404	Samarra
EL02889	eng-WL-11-174575-12947107	Sarasota
EL02898	eng-WL-11-174595-12968354	Seoul
EL02901	eng-WL-11-174596-12955233	Seoul
EL02903	eng-WL-108-174568-12987169	Seoul
EL02904	eng-WL-108-174568-12987129	Seoul
EL02906	eng-WL-11-174575-12948644	Seoul
EL02908	eng-WL-108-174568-12987338	Seoul
EL02920	eng-WL-11-174575-12947854	Serbia
EL02928	eng-NG-31-142498-10050527	Silver Springs
EL02935	eng-WL-109-174581-12950369	Slovenia
EL02939	eng-WL-11-174596-12952605	Slovenia
EL02940	eng-WL-11-174575-12944147	Slovenia
EL02941	eng-WL-108-174570-12988868	Slovenia
EL02946	eng-WL-11-174611-12981214	South Dakota
EL02949	eng-WL-11-174575-12946884	South Dakota
EL02950	eng-WL-11-174575-12944293	South Dakota
EL02956	eng-WL-11-174611-12981505	South Dakota
EL02958	eng-WL-11-174595-12973216	South Dakota
EL02963	eng-WL-110-174621-12994837	South Dakota
EL02972	eng-WL-11-174596-12951314	Spain
EL02975	eng-WL-11-174575-12947058	Spain
EL02988	eng-NG-31-127129-12062966	Suffolk
EL03007	eng-WL-11-174596-12950602	Switzerland
EL03014	eng-WL-11-174596-12959298	Switzerland
EL03020	eng-WL-11-174595-12968740	Switzerland
EL03022	eng-WL-11-174598-12966582	Switzerland
EL03027	eng-WL-11-174595-12968266	Sydney
EL03035	eng-WL-11-174596-12956484	Sydney
EL03039	eng-WL-11-174585-12940501	Sydney
EL03051	eng-WL-11-174596-12957587	Tehran
EL03073	eng-WL-11-174575-12946445	Tel Aviv
EL03076	eng-WL-11-174611-12980679	Tel Aviv
EL03084	eng-WL-11-174596-12958820	Tel Aviv
EL03099	eng-WL-11-174575-12943744	Thailand
EL03100	eng-WL-11-174595-12968180	Thailand
EL03118	eng-WL-11-174596-12956719	Tibet
EL03126	eng-WL-11-174579-12936161	Tijuana
EL03131	eng-WL-11-174575-12946689	Topeka
EL03138	eng-WL-11-174611-12971726	Trenton
EL03144	eng-WL-11-99176-9829001	Trenton
EL03161	eng-NG-31-100600-11550626	Tucson
EL03179	eng-NG-31-107904-11998697	Tulsa
EL03183	eng-WL-108-174570-12988399	Tulsa
EL03188	eng-NG-31-100552-10883684	Tulsa
EL03201	eng-WL-11-174575-12949238	USA
EL03220	eng-WL-11-174596-12953774	Uganda
EL03221	eng-WL-110-174632-12995344	Uganda
EL03238	eng-WL-109-174581-12950122	Ukraine
EL03240	eng-WL-11-174596-12956563	Ukraine
EL03248	eng-WL-109-174581-12950008	Ukraine
EL03254	eng-NG-31-137627-9799277	Union City
EL03269	eng-WL-110-174632-12995452	United Kingdom
EL03274	eng-WL-110-174632-12995449	United Kingdom
EL03277	eng-WL-11-174611-12985428	Uruguay
EL03281	eng-WL-11-174611-12971201	Uruguay
EL03287	eng-WL-11-174598-12965442	Utah
EL03291	eng-WL-11-174592-12941060	Utah
EL03293	eng-WL-11-174596-12952172	Utah
EL03299	eng-WL-109-174581-12950843	Utah
EL03310	eng-WL-11-174596-12955635	Utrecht
EL03331	eng-WL-11-174595-12968453	Vancouver
EL03333	eng-WL-11-174595-12967703	Vancouver
EL03350	eng-WL-11-174595-12968172	Vancouver
EL03359	eng-WL-11-174595-12968230	Vegas
EL03364	eng-WL-110-174620-12989508	Vegas
EL03382	eng-WL-11-174588-12938263	Venice
EL03391	eng-NG-31-126028-12041859	Venice
EL03445	eng-NG-31-142689-10072716	Warsaw
EL03446	eng-WL-11-174611-12974804	Warsaw
EL03465	eng-WL-11-174596-12956029	Washington
EL03475	eng-WL-11-174575-12944293	West Virginia
EL03482	eng-WL-108-174569-12987477	West Virginia
EL03488	eng-NG-31-147907-10553898	West Virginia
EL03503	eng-NG-31-100885-11605468	Windsor
EL03521	eng-WL-11-174596-12954245	Winnipeg
EL03530	eng-WL-110-174617-12989261	Worcester
EL03538	eng-WL-11-174583-12937673	Yorkshire
EL03539	eng-WL-11-174596-12958955	Yorkshire
EL03552	eng-NG-31-142154-10029894	Aaron Glantz
EL03555	eng-NG-31-102460-11645622	Aaron Glantz
EL03557	eng-NG-31-102460-11229968	Aaron Glantz
EL03561	eng-NG-31-101854-11632579	Aarti Agarwal
EL03565	eng-NG-31-103796-11264008	Aarti Agarwal
EL03577	eng-NG-31-103459-11250666	Aarti Agarwal
EL03582	eng-NG-31-100643-11198948	Abraham Lincoln
EL03586	eng-NG-31-142682-10069792	Abraham Lincoln
EL03590	eng-NG-31-138612-9810717	Abraham Lincoln
EL03591	eng-NG-31-143594-10249666	Abraham Lincoln
EL03595	eng-NG-31-100463-10799112	Abraham Lincoln
EL03598	eng-NG-31-131201-12109807	Abraham Lincoln
EL03606	eng-NG-31-102599-10998753	Alan Jackson
EL03609	eng-NG-31-102599-10993336	Alan Jackson
EL03610	eng-NG-31-102599-10993334	Alan Jackson
EL03612	eng-NG-31-102599-10993332	Alan Jackson
EL03621	eng-WL-11-174595-12968152	Alanis Morrissette
EL03623	eng-WL-11-174595-12967555	Alanis Morrissette
EL03627	eng-WL-11-174595-12966897	Alanis Morrissette
EL03632	eng-NG-31-100753-10902936	Albert Worschey
EL03636	eng-NG-31-100465-10799944	Ali Mostofi
EL03644	eng-NG-31-100463-10799219	Ali Mostofi
EL03646	eng-NG-31-100463-11779729	Ali Mostofi
EL03654	eng-NG-31-100464-10799566	Ali Mostofi
EL03655	eng-NG-31-100465-10799842	Ali Mostofi
EL03659	eng-WL-11-174574-12937881	Amerie
EL03662	eng-WL-110-174612-12990618	Amerie
EL03663	eng-WL-110-174612-12992181	Amerie
EL03672	eng-NG-31-141888-9974994	Amy Goodman
EL03679	eng-WL-11-99176-9828951	Amy Goodman
EL03680	eng-NG-31-141856-9973445	Amy Goodman
EL03681	eng-NG-31-104379-11707033	Amy Goodman
EL03684	eng-NG-31-141913-9975890	Amy Goodman
EL03700	eng-NG-31-151016-10648630	Angelina Jolie
EL03702	eng-NG-31-141957-9980233	Angelina Jolie
EL03706	eng-NG-31-146352-10378424	Angelina Jolie
EL03707	eng-NG-31-145805-10295769	Angelina Jolie
EL03708	eng-NG-31-146352-10378346	Angelina Jolie
EL03709	eng-NG-31-145806-10297667	Angelina Jolie
EL03713	eng-NG-31-145806-10297754	Angelina Jolie
EL03716	eng-NG-31-140128-9881434	Anthony Gonzalez
EL03720	eng-NG-31-142659-10067321	Anton Johnson
EL03723	eng-WL-110-174612-12992941	Balewa Muhammed
EL03726	eng-WL-110-174612-12992702	Balewa Muhammed
EL03729	eng-WL-110-174612-12992836	Balewa Muhammed
EL03733	eng-NG-31-140126-9879016	Barry Bonds
EL03734	eng-NG-31-140120-9865602	Barry Bonds
EL03740	eng-NG-31-140126-9878976	Barry Bonds
EL03744	eng-WL-11-174611-12980541	Biden
EL03745	eng-WL-11-174596-12956858	Biden
EL03748	eng-WL-11-174575-12948411	Biden
EL03753	eng-NG-31-141964-9986435	Bill Clinton
EL03754	eng-NG-31-141913-9976102	Bill Clinton
EL03757	eng-NG-31-142147-10018797	Bill Clinton
EL03759	eng-NG-31-142091-9996705	Bill Clinton
EL03761	eng-NG-31-142692-10073396	Bill Clinton
EL03767	eng-NG-31-142694-10079872	Bill Clinton
EL03772	eng-NG-31-142884-10103893	Bill Clinton
EL03785	eng-NG-31-142695-10081513	Bob Casey
EL03787	eng-NG-31-104385-11708548	Bob Griffin
EL03794	eng-NG-31-104385-11708209	Bob Griffin
EL03796	eng-NG-31-104385-11708244	Bob Griffin
EL03797	eng-NG-31-104385-11708487	Bob Griffin
EL03799	eng-NG-31-104385-11708316	Bob Griffin
EL03801	eng-NG-31-104385-11708480	Bob Griffin
EL03802	eng-NG-31-104385-11708481	Bob Griffin
EL03807	eng-NG-31-139120-9824240	Bobbie Smith
EL03815	eng-WL-11-174587-12962570	Bruce Jenner
EL03818	eng-WL-11-174600-12967196	Bruce Jenner
EL03823	eng-WL-110-174612-12990894	Che Dorval
EL03824	eng-WL-110-174612-12992228	Che Dorval
EL03833	eng-WL-11-174574-12938670	Chris Breezy
EL03835	eng-WL-11-174574-12938869	Chris Breezy
EL03838	eng-WL-11-174574-12938011	Chris Breezy
EL03840	eng-NG-31-100442-10796495	Chris Johnson
EL03842	eng-NG-31-140124-9873591	Chris Johnson
EL03846	eng-NG-31-140124-9873243	Chris Johnson
EL03848	eng-WL-11-99241-10725199	Chris Matthews
EL03850	eng-NG-31-142503-10055177	Chris Matthews
EL03851	eng-NG-31-141888-9975121	Chris Matthews
EL03853	eng-NG-31-141971-9990898	Chris Matthews
EL03857	eng-WL-11-99241-10808979	Chris Matthews
EL03863	eng-NG-31-142265-10040713	Chris Matthews
EL03873	eng-WL-11-174596-12952552	Christy
EL03888	eng-NG-31-100553-10886951	Clifford Heath
EL03893	eng-NG-31-100675-11205743	Clint Eastwood
EL03894	eng-NG-31-135366-9727874	Clint Eastwood
EL03898	eng-NG-31-126060-12042523	Clint Eastwood
EL03904	eng-WL-109-174581-12951004	Coppola
EL03906	eng-WL-11-174585-12939187	Coppola
EL03917	eng-WL-11-174587-12962049	Crystal
EL03926	eng-WL-110-174612-12991754	Curtis Richardson
EL03931	eng-WL-11-174598-12966673	Cynthia
EL03944	eng-NG-31-100463-10799112	Daniel Joseph Min
EL03947	eng-NG-31-142498-10049446	Daniel Joseph Min
EL03949	eng-NG-31-142889-10108733	Daniel Joseph Min
EL03951	eng-NG-31-142500-10052293	Daniel Joseph Min
EL03957	eng-NG-31-100463-10799106	Daniel Joseph Min
EL03958	eng-WL-11-174592-12941146	Danny Noriega
EL03962	eng-WL-11-174611-12981798	Danny Noriega
EL03966	eng-WL-11-174592-12941075	Danny Noriega
EL03973	eng-NG-31-141913-9975679	David Addington
EL03983	eng-NG-31-109506-12028632	David Jones
EL03986	eng-WL-11-174595-12966906	DeGeneres
EL03988	eng-WL-11-174611-12980616	DeGeneres
EL03990	eng-WL-11-174572-12948993	DeGeneres
EL04000	eng-WL-110-174612-12990608	Dee
EL04002	eng-WL-11-174606-12978490	Dee
EL04004	eng-WL-110-174612-12992088	Delisha Thomas
EL04005	eng-WL-110-174612-12992045	Delisha Thomas
EL04011	eng-WL-110-174612-12991158	Delisha Thomas
EL04014	eng-WL-11-174595-12967356	Dick
EL04015	eng-WL-11-174595-12967728	Dick
EL04019	eng-WL-11-174643-13000483	Dick
EL04021	eng-NG-31-141957-9978822	Dolly Parton
EL04024	eng-NG-31-102599-10992767	Dolly Parton
EL04025	eng-NG-31-102599-10993222	Dolly Parton
EL04026	eng-NG-31-102599-10999104	Dolly Parton
EL04027	eng-NG-31-102599-10999073	Dolly Parton
EL04033	eng-NG-31-102599-10999052	Dolly Parton
EL04036	eng-NG-31-141957-9978287	Dolly Parton
EL04039	eng-NG-31-102599-10992828	Dolly Parton
EL04046	eng-NG-31-100818-11792578	Donald McGill
EL04048	eng-NG-31-141957-9978033	Donald Trump
EL04050	eng-NG-31-141957-9980408	Donald Trump
EL04051	eng-NG-31-141960-9984144	Donald Trump
EL04058	eng-NG-31-141959-9982099	Donald Trump
EL04060	eng-NG-31-104706-11725524	Donald Trump
EL04061	eng-NG-31-141957-9978968	Donald Trump
EL04065	eng-NG-31-100720-11880799	Donald Trump
EL04068	eng-NG-31-128250-12089440	Dovid Sears
EL04069	eng-NG-31-100463-10798534	Dubie Bacino
EL04070	eng-NG-31-126944-12060199	EDITH HOWARD
EL04072	eng-NG-31-126944-12060201	EDITH HOWARD
EL04077	eng-WL-109-174581-12949943	Ed Zwick
EL04089	eng-NG-31-135900-9774356	Eddy Sterckx
EL04097	eng-WL-110-174612-12992572	Eg White
EL04099	eng-NG-31-105387-11952426	Emma Johnson
EL04102	eng-NG-31-105387-11952429	Emma Johnson
EL04105	eng-NG-31-105387-11952263	Emma Johnson
EL04107	eng-NG-31-143446-10242884	Eretz Yisrael
EL04116	eng-WL-11-174592-12942495	Fonda
EL04120	eng-WL-11-174585-12939212	Fonda
EL04129	eng-NG-31-100675-11206495	George Burns
EL04130	eng-NG-31-107970-12001572	George Burns
EL04132	eng-NG-31-141957-9979329	George Bush
EL04135	eng-NG-31-142147-10018797	George Bush
EL04138	eng-WL-11-99176-10723834	George Bush
EL04141	eng-WL-11-99176-10807967	George Bush
EL04142	eng-WL-11-99176-9828935	George Bush
EL04144	eng-NG-31-102460-10984929	George Bush
EL04146	eng-NG-31-100665-11203911	George Bush
EL04147	eng-NG-31-141913-9976544	George Bush
EL04148	eng-NG-31-142687-10072169	George Bush
EL04151	eng-WL-11-99241-10936807	George Bush
EL04152	eng-NG-31-102599-10993222	George Jones
EL04153	eng-NG-31-102599-10999101	George Jones
EL04160	eng-NG-31-102599-10999337	George Jones
EL04161	eng-NG-31-102599-10999575	George Jones
EL04164	eng-NG-31-102599-10999095	George Jones
EL04168	eng-NG-31-102599-10999508	George Jones
EL04169	eng-NG-31-102599-10999316	George Jones
EL04178	eng-NG-31-100640-11554860	Glen Campbell
EL04181	eng-NG-31-141963-9985985	Glenn Beck
EL04183	eng-NG-31-102460-11886803	Glenn Beck
EL04189	eng-NG-31-100720-11787008	Glenn Beck
EL04192	eng-NG-31-100720-11787407	Glenn Beck
EL04193	eng-NG-31-142696-10083540	Glenn Beck
EL04196	eng-NG-31-140121-9866373	Glenn Beck
EL04199	eng-NG-31-151017-10650800	Gwen Stefani
EL04200	eng-NG-31-141957-9980117	Gwen Stefani
EL04201	eng-NG-31-141959-9982170	Gwen Stefani
EL04205	eng-NG-31-141960-9984550	Gwen Stefani
EL04208	eng-NG-31-142148-10021632	HENRY MAKOW
EL04209	eng-NG-31-102460-11645064	HENRY MAKOW
EL04211	eng-NG-31-141957-9980244	Heather Mills
EL04213	eng-NG-31-141957-9980035	Heather Mills
EL04214	eng-NG-31-146356-10389698	Heather Mills
EL04222	eng-WL-11-174595-12968900	Helen
EL04226	eng-WL-11-99176-10723878	Helen Thomas
EL04228	eng-NG-31-142407-10043687	Helen Thomas
EL04229	eng-NG-31-141713-9963632	Helen Thomas
EL04230	eng-NG-31-142424-10044659	Hermann Oldenberg
EL04238	eng-NG-31-141957-9978362	Hilary Duff
EL04250	eng-NG-31-138596-9810009	Ian Smith
EL04251	eng-NG-31-102460-11886856	Ian Smith
EL04253	eng-NG-31-142883-10102952	Ian Smith
EL04261	eng-NG-31-100600-11180625	Jackie Robinson
EL04264	eng-WL-11-174595-12968559	Jackman
EL04267	eng-WL-11-174595-12967847	Jackman
EL04290	eng-NG-31-140128-9881682	Jeff Fisher
EL04298	eng-NG-31-140128-9881640	Jeff Fisher
EL04299	eng-NG-31-140128-9881675	Jeff Fisher
EL04302	eng-NG-31-140128-9881718	Jeff Fisher
EL04303	eng-NG-31-140128-9881615	Jeff Fisher
EL04309	eng-NG-31-141957-9979031	Jerry Springer
EL04312	eng-NG-31-141960-9983737	Jerry Springer
EL04315	eng-NG-31-101955-11638351	Joanna Snyder
EL04316	eng-NG-31-101955-11821384	Joanna Snyder
EL04318	eng-WL-11-174588-12938738	John Gibson
EL04319	eng-WL-11-174575-12946153	John Gibson
EL04320	eng-WL-11-174575-12946136	John Gibson
EL04322	eng-WL-11-174611-12982173	John Gibson
EL04327	eng-WL-11-174575-12946255	John Gibson
EL04330	eng-NG-31-104877-11906195	John Hall
EL04333	eng-NG-31-142507-10059233	John Hunt
EL04334	eng-NG-31-136935-9793604	John Hunt
EL04344	eng-NG-31-102599-10999582	John Rich
EL04346	eng-NG-31-102599-10999558	John Rich
EL04349	eng-NG-31-102599-10992838	John Rich
EL04352	eng-NG-31-102599-10992877	John Rich
EL04358	eng-NG-31-102599-10990548	John Rich
EL04359	eng-NG-31-102599-10990544	John Rich
EL04362	eng-NG-31-102599-10999544	John Rich
EL04364	eng-NG-31-142157-10033256	John Richard Green
EL04370	eng-NG-31-102599-10992177	Johnny Cash
EL04375	eng-NG-31-139816-9852379	Johnny Cash
EL04378	eng-NG-31-100565-11164474	Johnny Cash
EL04379	eng-NG-31-141957-9979762	Johnny Cash
EL04380	eng-WL-11-99230-10724859	Johnny Cash
EL04384	eng-NG-31-142505-10057247	Jonathan Edwards
EL04388	eng-NG-31-142693-10075523	Jonathan Edwards
EL04390	eng-NG-31-142505-10057236	Jonathan Edwards
EL04392	eng-WL-11-174592-12942407	Jordin
EL04393	eng-WL-110-174626-12995762	Jordin
EL04404	eng-WL-11-174611-12973854	Judy Shepard
EL04407	eng-WL-11-174611-12969760	Judy Shepard
EL04411	eng-WL-11-174611-12973146	Judy Shepard
EL04412	eng-WL-11-174611-12974655	Judy Shepard
EL04417	eng-NG-31-102599-10992807	Keith Anderson
EL04424	eng-WL-11-174611-12978527	Ken Starr
EL04425	eng-WL-11-174611-12976690	Ken Starr
EL04426	eng-WL-11-174611-12976684	Ken Starr
EL04430	eng-WL-11-174611-12976683	Ken Starr
EL04434	eng-NG-31-105524-11957253	Kevin Sutherland
EL04435	eng-NG-31-105524-11957251	Kevin Sutherland
EL04437	eng-NG-31-105524-11957174	Kevin Sutherland
EL04440	eng-NG-31-105524-11957178	Kevin Sutherland
EL04447	eng-WL-11-174600-12967270	Khloe
EL04448	eng-WL-107-174567-12931795	Khloe
EL04450	eng-WL-11-174574-12934974	Khloe
EL04455	eng-NG-31-102599-10999262	Kid Rock
EL04469	eng-NG-31-127384-12065735	Larry Sarner
EL04472	eng-NG-31-108603-12018599	Larry Sarner
EL04476	eng-NG-31-102599-10998988	LeAnn Rimes
EL04478	eng-NG-31-102599-10999353	LeAnn Rimes
EL04480	eng-NG-31-141960-9983854	LeAnn Rimes
EL04485	eng-WL-11-174592-12941966	Leigh
EL04488	eng-WL-110-174612-12991923	Leigh
EL04489	eng-WL-11-174592-12942144	Leigh
EL04493	eng-WL-109-174581-12949927	Leo DiCaprio
EL04497	eng-WL-109-174581-12949674	Leo DiCaprio
EL04501	eng-WL-109-174581-12950589	Leo DiCaprio
EL04510	eng-WL-11-174595-12968216	Lourdes
EL04516	eng-WL-11-174611-12973865	Lourdes
EL04519	eng-WL-11-174595-12968131	Ludacris
EL04523	eng-WL-11-174585-12939720	Ludacris
EL04531	eng-NG-31-132686-9451758	Lynne Spears
EL04534	eng-NG-31-134003-9591726	Lynne Spears
EL04538	eng-NG-31-142148-10022728	Lynne Spears
EL04541	eng-NG-31-146356-10389854	Lynne Spears
EL04542	eng-NG-31-141960-9984079	Lynne Spears
EL04543	eng-NG-31-132695-9473183	Lynne Spears
EL04549	eng-NG-31-141960-9983900	Marc Anthony
EL04555	eng-NG-31-141957-9978441	Marc Anthony
EL04558	eng-NG-31-142156-10031712	Marion Jones
EL04582	eng-NG-31-101177-10945083	Markus Skupeika
EL04598	eng-NG-31-142686-10071833	Matt Smith
EL04605	eng-NG-31-137615-9799000	Mayawati
EL04608	eng-NG-31-142147-10013943	Mayawati
EL04611	eng-WL-11-174596-12955328	Melanie Phillips
EL04615	eng-WL-11-174596-12959075	Melanie Phillips
EL04621	eng-NG-31-102599-10992861	Merle Haggard
EL04623	eng-NG-31-102599-10990459	Merle Haggard
EL04631	eng-NG-31-100316-11777170	Michael Bloomberg
EL04636	eng-NG-31-142692-10073477	Michael Bloomberg
EL04637	eng-NG-31-147907-10553595	Michael Bloomberg
EL04639	eng-NG-31-141827-9969265	Michael Bloomberg
EL04641	eng-NG-31-141827-9969658	Michael Bloomberg
EL04649	eng-WL-11-174585-12939243	Michel Gondry
EL04652	eng-WL-11-174595-12967974	Michel Gondry
EL04654	eng-WL-109-174581-12950461	Michel Gondry
EL04656	eng-WL-11-174601-12971557	Michel Gondry
EL04658	eng-WL-110-174612-12991242	Michelle Bell
EL04665	eng-WL-110-174612-12991998	Michelle Bell
EL04666	eng-WL-110-174612-12992487	Michelle Bell
EL04667	eng-WL-110-174612-12991997	Michelle Bell
EL04669	eng-WL-109-174581-12950163	Monnie O
EL04671	eng-WL-109-174581-12950179	Monnie O
EL04672	eng-WL-109-174581-12950153	Monnie O
EL04675	eng-WL-109-174581-12950096	Monnie O
EL04681	eng-WL-11-174598-12966557	Moss
EL04682	eng-WL-11-174592-12942970	Moss
EL04687	eng-NG-31-100025-10767674	Nanci Casson
EL04689	eng-NG-31-100025-10766602	Nanci Casson
EL04695	eng-NG-31-100025-10767573	Nanci Casson
EL04696	eng-NG-31-146309-10350532	Nanci Casson
EL04703	eng-NG-31-100025-10767831	Nanci Casson
EL04709	eng-NG-31-142749-10089645	Neelima Srivastava
EL04712	eng-NG-31-134326-9608559	Neeraj Joshi
EL04713	eng-NG-31-100562-10891933	Neil Gaimen
EL04722	eng-NG-31-142503-10055024	Noam Chomsky
EL04726	eng-NG-31-148121-10557644	Noam Chomsky
EL04728	eng-NG-31-102460-10984163	Noam Chomsky
EL04729	eng-NG-31-141972-9991376	Noam Chomsky
EL04731	eng-NG-31-141888-9975011	Noam Chomsky
EL04738	eng-NG-31-141972-9991326	Noam Chomsky
EL04746	eng-NG-31-140118-9862498	Norman Podhoretz
EL04747	eng-NG-31-142499-10051110	Norman Podhoretz
EL04751	eng-NG-31-143151-10149055	Nuon Chea
EL04760	eng-WL-11-99228-10808834	OJ Simpson
EL04765	eng-NG-31-104385-11708239	OJ Simpson
EL04766	eng-NG-31-141960-9984544	OJ Simpson
EL04767	eng-WL-11-99228-11487915	OJ Simpson
EL04771	eng-NG-31-135588-9748369	Pascal Bourguignon
EL04783	eng-NG-31-132519-12131793	Patsy Cline
EL04795	eng-NG-31-139120-9824247	Paul Hanson
EL04809	eng-WL-11-174583-12937792	Pax Thien
EL04813	eng-NG-31-138691-9810944	Pervaiz Musharraf
EL04822	eng-NG-31-141957-9979789	Peter Jackson
EL04824	eng-NG-31-141957-9978250	Peter Jackson
EL04830	eng-WL-11-174595-12967597	Pharrell
EL04850	eng-NG-31-108567-12016614	Rajendra Pachauri
EL04851	eng-NG-31-137627-9799207	Rajendra Pachauri
EL04853	eng-NG-31-100463-10798534	Randy Kopycinski
EL04855	eng-NG-31-102599-10999390	Ray Charles
EL04856	eng-NG-31-141957-9980042	Ray Charles
EL04857	eng-NG-31-147907-10553561	Ray Charles
EL04859	eng-NG-31-100906-10932630	Ray Johnson
EL04868	eng-NG-31-101854-11632489	Remya Shri
EL04869	eng-NG-31-101608-11624564	Remya Shri
EL04876	eng-NG-31-101854-11632510	Remya Shri
EL04878	eng-NG-31-101757-11631540	Remya Shri
EL04880	eng-NG-31-101757-11631532	Remya Shri
EL04893	eng-NG-31-135365-9727103	Ringo Starr
EL04902	eng-WL-11-174611-12977623	Ritchie
EL04904	eng-WL-11-174595-12968688	Ritchie
EL04905	eng-WL-11-174611-12982469	Ritchie
EL04914	eng-NG-31-125835-12040922	Rob Graham
EL04921	eng-WL-11-174601-12971775	Rob Marshall
EL04923	eng-WL-11-174573-12957644	Rob Marshall
EL04925	eng-WL-11-174585-12939934	Rob Marshall
EL04926	eng-NG-31-100442-10796373	Robert Weissman
EL04930	eng-NG-31-149490-10582565	Robin B
EL04941	eng-WL-11-174595-12967716	Rocco
EL04950	eng-NG-31-146856-10448221	Rodney Poplin
EL04951	eng-WL-11-99227-9830133	Roger Fraley
EL04952	eng-WL-11-99227-10724503	Roger Fraley
EL04954	eng-WL-11-99227-10724613	Roger Fraley
EL04955	eng-WL-11-99227-10724205	Roger Fraley
EL04959	eng-WL-11-99227-10808814	Roger Fraley
EL04968	eng-WL-11-99227-10808820	Roger Fraley
EL04969	eng-WL-11-99227-10724212	Roger Fraley
EL04979	eng-WL-11-174601-12969457	Ruffalo
EL04980	eng-WL-109-174581-12951343	Ruffalo
EL04983	eng-WL-109-174581-12951126	Ruffalo
EL04985	eng-WL-109-174581-12951406	Ruffalo
EL04989	eng-WL-11-174585-12940050	Ruffalo
EL04991	eng-NG-31-141957-9978290	Ryan Philippe
EL04993	eng-NG-31-107685-11997308	Saddam Hussain
EL04997	eng-NG-31-102114-10969796	Saddam Hussain
EL04998	eng-NG-31-127405-12066129	Sam Kennedy
EL05000	eng-NG-31-100790-11594846	Sam Kennedy
EL05004	eng-WL-11-174584-12964174	Sasha
EL05014	eng-NG-31-105609-11966946	Scott Wells
EL05029	eng-WL-11-174585-12939384	Seth Rogan
EL05033	eng-WL-11-174611-12976822	Seth Rogan
EL05036	eng-NG-31-147907-10553504	Shabazz
EL05037	eng-NG-31-102599-10999137	Shaun Silva
EL05040	eng-WL-11-174596-12958665	Sheehan
EL05041	eng-WL-108-174569-12987426	Sheehan
EL05042	eng-WL-11-174575-12944675	Sheehan
EL05047	eng-WL-11-174596-12957637	Sheehan
EL05048	eng-WL-11-174575-12944686	Sheehan
EL05051	eng-WL-110-174612-12993815	Shep Crawford
EL05052	eng-WL-110-174612-12993559	Shep Crawford
EL05059	eng-WL-110-174612-12993780	Shep Crawford
EL05060	eng-NG-31-142495-10047179	Shoghi Effendi
EL05065	eng-NG-31-142495-10047346	Shoghi Effendi
EL05074	eng-NG-31-142495-10047176	Shoghi Effendi
EL05083	eng-WL-11-174611-12978527	Starr
EL05085	eng-WL-11-174574-12937854	Starr
EL05087	eng-WL-11-174575-12944066	Starr
EL05122	eng-NG-31-100898-10930521	Tang Huyen
EL05126	eng-NG-31-142504-10055828	Tang Huyen
EL05128	eng-NG-31-100898-11221915	Tang Huyen
EL05130	eng-NG-31-142504-10055863	Tang Huyen
EL05133	eng-NG-31-142504-10055748	Tang Huyen
EL05136	eng-NG-31-100898-11607725	Tang Huyen
EL05145	eng-NG-31-138467-9808057	Thomas Edison
EL05148	eng-NG-31-142407-10043039	Thomas Edison
EL05152	eng-NG-31-105030-11922469	Thomas Edison
EL05158	eng-NG-31-100768-11592827	Thomas Jefferson
EL05160	eng-NG-31-100720-11786953	Thomas Jefferson
EL05165	eng-NG-31-142693-10076701	Thomas Jefferson
EL05166	eng-NG-31-142149-10023737	Thomas Jefferson
EL05169	eng-NG-31-141964-9986466	Thomas Jefferson
EL05170	eng-NG-31-147917-10555276	Thomas Jefferson
EL05173	eng-NG-31-100675-11206597	Thomas Jefferson
EL05178	eng-WL-11-174595-12967022	Vanilla Ice
EL05179	eng-WL-11-174595-12969074	Vanilla Ice
EL05180	eng-WL-11-174572-12946390	Vanilla Ice
EL05181	eng-WL-110-174626-12995889	Vanilla Ice
EL05190	eng-NG-31-142147-10015518	William Ayers
EL05191	eng-NG-31-142146-10010656	William Ayers
EL05200	eng-NG-31-142686-10071644	William Ayers
EL05204	eng-NG-31-141808-9965957	William Ayers
EL05206	eng-NG-31-142093-10000398	Willie Nelson
EL05208	eng-NG-31-102599-10999103	Willie Nelson
EL05210	eng-NG-31-102599-10992933	Willie Nelson
EL05211	eng-NG-31-102599-10998636	Willie Nelson
EL05213	eng-NG-31-102599-10999584	Willie Nelson
EL05216	eng-NG-31-102599-10999081	Willie Nelson
EL05222	eng-NG-31-102599-10999608	Willie Nelson
EL05223	eng-NG-31-102599-10999464	Willie Nelson
EL05224	eng-NG-31-102599-10999621	Willie Nelson
EL05230	eng-WL-11-174595-12968370	Zac
EL05232	eng-WL-107-174567-12933007	Zac
EL05233	eng-WL-11-174592-12942039	Zac
EL05234	eng-WL-11-174573-12957680	Zac
EL05236	eng-WL-11-174592-12941332	Zac
EL05241	eng-NG-31-142686-10071607	Zarqawi
EL05242	eng-NG-31-102460-11229815	Zarqawi
EL05245	eng-NG-31-102460-10984134	ACORN
EL05246	eng-NG-31-100720-10897913	ACORN
EL05248	eng-NG-31-100554-10887714	ACORN
EL05253	eng-NG-31-100554-11546831	ACORN
EL05255	eng-NG-31-102460-11837142	ACORN
EL05271	eng-WL-11-174592-12941536	AMPTP
EL05274	eng-WL-11-174592-12941186	AMPTP
EL05279	eng-NG-31-100720-10898004	Alliance Defense Fund
EL05284	eng-NG-31-100720-10898166	Alliance Defense Fund
EL05287	eng-NG-31-110026-12031335	American Airlines
EL05289	eng-NG-31-140596-9893094	American Airlines
EL05297	eng-NG-31-137977-9802793	American Airlines
EL05299	eng-NG-31-100806-11790823	American Airlines
EL05301	eng-NG-31-147907-10553555	American Airlines
EL05306	eng-NG-31-142499-10051007	American Communist Party
EL05307	eng-NG-31-133187-9503712	American Eagle
EL05312	eng-NG-31-142622-10066118	American Red Cross
EL05314	eng-NG-31-142407-10043221	American Red Cross
EL05316	eng-NG-31-140614-9893229	American West Heritage Center
EL05317	eng-NG-31-140613-9893201	American West Heritage Center
EL05319	eng-NG-31-140614-9893219	American West Heritage Center
EL05326	eng-WL-11-174592-12941871	Armani Exchange
EL05327	eng-WL-11-174595-12973366	Armani Exchange
EL05328	eng-WL-107-174567-12933184	Armani Exchange
EL05329	eng-WL-11-174572-12948778	Armani Exchange
EL05333	eng-NG-31-100498-11541929	Automotive News
EL05336	eng-NG-31-100480-10855715	Automotive News
EL05338	eng-NG-31-100480-11540938	Automotive News
EL05340	eng-NG-31-100481-11540953	Automotive News
EL05341	eng-NG-31-100506-11878562	Automotive News
EL05342	eng-NG-31-100384-10783936	BAPESTA
EL05345	eng-WL-11-174610-12999559	BJ
EL05353	eng-NG-31-100316-11777467	Berkshire Hathaway
EL05356	eng-NG-31-100316-11777359	Berkshire Hathaway
EL05358	eng-NG-31-100316-11533661	Berkshire Hathaway
EL05359	eng-NG-31-100316-11533645	Berkshire Hathaway
EL05361	eng-NG-31-142147-10015518	Black Panthers
EL05362	eng-NG-31-141847-9972350	Black Panthers
EL05363	eng-NG-31-141448-9956322	Boston College
EL05366	eng-NG-31-141815-9968560	Boston College
EL05369	eng-NG-31-141815-9968448	Boston College
EL05376	eng-NG-31-132220-12128166	British Broadcasting Corporation
EL05378	eng-NG-31-105027-11921439	Bryn Mawr College
EL05380	eng-NG-31-142885-10106516	CCC
EL05381	eng-NG-31-131790-12118899	CCC
EL05383	eng-NG-31-128337-12090144	CCC
EL05386	eng-NG-31-102750-11007553	CCC
EL05389	eng-NG-31-126042-12042239	CCC
EL05390	eng-NG-31-103938-11866214	CCC
EL05408	eng-NG-31-142699-10085845	Carlyle Group
EL05414	eng-WL-11-99241-10725605	Carlyle Group
EL05423	eng-NG-31-142113-10004372	China Ocean Shipping Company
EL05427	eng-WL-11-99241-10725584	Chinese Foreign Ministry
EL05435	eng-NG-31-142156-10031670	Chinese Foreign Ministry
EL05439	eng-WL-11-99241-10725731	Chinese Foreign Ministry
EL05443	eng-NG-31-100316-10827084	Chrysler LLC
EL05447	eng-NG-31-100506-10870966	Chrysler LLC
EL05449	eng-NG-31-100496-11780265	Chrysler LLC
EL05450	eng-NG-31-100316-11536776	Chrysler LLC
EL05452	eng-NG-31-100506-11878587	Chrysler LLC
EL05462	eng-NG-31-108100-12006756	City Council
EL05464	eng-NG-31-104379-11892432	City Council
EL05470	eng-NG-31-140567-12217032	City Council
EL05471	eng-NG-31-128291-12089748	City Council
EL05479	eng-NG-31-142147-10018226	Civil Aviation Authority
EL05480	eng-NG-31-140126-9879084	Cleveland Browns
EL05481	eng-NG-31-140121-9866299	Cleveland Browns
EL05486	eng-NG-31-127212-12064237	Cleveland Browns
EL05494	eng-NG-31-140596-9893094	Continental Airlines
EL05498	eng-NG-31-147907-10553376	Continental Airlines
EL05500	eng-WL-11-174596-12956169	Cornell
EL05502	eng-WL-11-174611-12976103	Cornell
EL05507	eng-WL-110-174632-12995636	Cornell
EL05513	eng-WL-11-174575-12948800	DHS
EL05518	eng-NG-31-106351-11986307	Daily Mail
EL05521	eng-NG-31-142888-10107052	Daily Mail
EL05528	eng-NG-31-141957-9979755	Daily Mail
EL05530	eng-NG-31-141957-9978066	Daily Mail
EL05536	eng-NG-31-141971-9991237	Daily News
EL05565	eng-WL-11-174611-12974129	Duke University
EL05572	eng-NG-31-100641-11198423	Duke University
EL05574	eng-NG-31-147907-10554464	Duke University
EL05577	eng-NG-31-104874-11905051	Duke University
EL05579	eng-WL-11-174596-12958356	Duke University
EL05588	eng-NG-31-137627-9799302	Environmental Protection Agency
EL05591	eng-NG-31-142692-10073051	Environmental Protection Agency
EL05593	eng-NG-31-142407-10043213	Environmental Protection Agency
EL05605	eng-NG-31-142512-10062307	European Union
EL05611	eng-NG-31-135848-9767681	European Union
EL05617	eng-NG-31-141959-9981752	European Union
EL05618	eng-NG-31-142156-10032290	European Union
EL05624	eng-WL-11-174575-12945307	Exxon Mobil
EL05626	eng-WL-11-174596-12954197	FAO
EL05630	eng-WL-11-174596-12958242	FAO
EL05632	eng-WL-11-174596-12955859	FAO
EL05635	eng-WL-111-174634-12999354	FIFA
EL05638	eng-WL-11-174596-12951330	FIFA
EL05639	eng-NG-31-101169-11610643	FTA TV
EL05643	eng-NG-31-140124-9873827	Falcons
EL05645	eng-NG-31-140124-9873238	Falcons
EL05657	eng-NG-31-137627-9799715	Falcons
EL05659	eng-NG-31-140128-9880597	Falcons
EL05664	eng-WL-11-174575-12946140	Federal Communications Commission
EL05686	eng-NG-31-142511-10061939	GAO
EL05691	eng-NG-31-141973-9991857	GAO
EL05696	eng-NG-31-100715-10897033	GAO
EL05697	eng-NG-31-142687-10072101	GAO
EL05705	eng-WL-11-174611-12976720	GLAD
EL05708	eng-WL-11-174611-12974818	GLAD
EL05720	eng-NG-31-141971-9990905	General Electric
EL05721	eng-WL-11-174575-12946174	General Electric
EL05722	eng-NG-31-143446-10242497	General Electric
EL05728	eng-WL-11-174611-12971906	General Electric
EL05730	eng-NG-31-100316-10781603	General Electric
EL05735	eng-NG-31-142148-10021701	General Motors
EL05742	eng-NG-31-100506-10871565	General Motors
EL05748	eng-NG-31-100492-11878262	General Motors
EL05760	eng-NG-31-128651-12095029	Georgia Tech
EL05761	eng-NG-31-139424-9826319	Georgia Tech
EL05767	eng-NG-31-142509-10060504	Glamour Magazine
EL05772	eng-NG-31-143314-10206595	Grameen Bank
EL05775	eng-NG-31-100316-11150415	HDFC
EL05776	eng-NG-31-100316-10781951	HDFC
EL05793	eng-NG-31-134186-12159697	HDFC
EL05794	eng-NG-31-100316-10782035	Harvard University
EL05799	eng-NG-31-142148-10021373	Harvard University
EL05800	eng-NG-31-141957-9979096	Harvard University
EL05804	eng-NG-31-142147-10018343	Harvard University
EL05809	eng-NG-31-141840-12224068	Harvard University
EL05813	eng-NG-31-142158-10034342	Harvard University
EL05814	eng-NG-31-140932-12219777	Hewlett Packard
EL05815	eng-NG-31-133419-9556916	Hewlett Packard
EL05822	eng-WL-11-174584-12960618	Hooters
EL05823	eng-WL-11-174575-12946930	Hooters
EL05830	eng-NG-31-100442-10796637	Humane Society International
EL05836	eng-NG-31-142148-10021195	IAF
EL05838	eng-WL-11-174596-12954257	IAF
EL05847	eng-NG-31-147166-10475895	IAF
EL05852	eng-NG-31-100316-11777085	IDBI Bank
EL05855	eng-NG-31-100316-10781950	IDBI Bank
EL05856	eng-NG-31-100316-11150737	IDBI Bank
EL05862	eng-WL-11-174608-12979830	ING Direct
EL05863	eng-WL-11-174595-12968017	INXS
EL05868	eng-WL-109-174581-12949487	INXS
EL05869	eng-WL-11-174611-12977563	INXS
EL05875	eng-NG-31-129723-12104070	ISU
EL05881	eng-NG-31-133201-9504983	ITIL
EL05895	eng-NG-31-133404-9515431	ITIL
EL05900	eng-NG-31-132836-12134158	ITIL
EL05906	eng-NG-31-102149-10970845	Indiana University
EL05912	eng-NG-31-108584-12017105	Indiana University
EL05917	eng-NG-31-142606-10065149	Intellectual Property Institute
EL05919	eng-NG-31-100316-10781632	International Energy Agency
EL05921	eng-NG-31-141913-9976420	International Energy Agency
EL05925	eng-NG-31-100316-11150643	International Energy Agency
EL05928	eng-NG-31-108104-12006874	International Energy Agency
EL05931	eng-NG-31-108153-12008578	International Energy Agency
EL05935	eng-WL-11-174595-12967459	JJB
EL05939	eng-WL-11-174595-12967474	JJB
EL05940	eng-WL-11-174595-12967460	JJB
EL05941	eng-WL-11-174595-12967432	JJB
EL05943	eng-WL-11-174595-12967429	JJB
EL05947	eng-NG-31-100316-11776500	JP Morgan Chase
EL05953	eng-NG-31-138414-12199292	Jerusalem Post
EL05955	eng-NG-31-143446-10242429	Jerusalem Post
EL05957	eng-WL-11-99241-10725590	Jerusalem Post
EL05960	eng-WL-11-99241-10936790	Jerusalem Post
EL05967	eng-NG-31-142760-10092243	Jerusalem Post
EL05971	eng-NG-31-143446-10242501	Jerusalem Post
EL05976	eng-NG-31-142158-10034456	Jet Airways
EL05978	eng-NG-31-147917-10555259	Jet Airways
EL05983	eng-NG-31-100562-11879128	Justice Dept
EL05989	eng-WL-11-174595-12968054	KROQ
EL05996	eng-WL-11-174588-12938620	Knicks
EL05998	eng-WL-11-174611-12975782	Knicks
EL05999	eng-NG-31-102599-10999154	Knitting Factory
EL06011	eng-NG-31-142149-10023535	Ku Klux Klan
EL06020	eng-NG-31-142147-10012288	Latter Day Saints
EL06031	eng-NG-31-131733-12118358	Los Angeles County Arts Commission
EL06033	eng-NG-31-131733-12118363	Los Angeles County Arts Commission
EL06034	eng-NG-31-105609-11966417	Los Angeles County Arts Commission
EL06035	eng-NG-31-105609-11968174	Los Angeles County Arts Commission
EL06038	eng-NG-31-105609-11966568	Los Angeles County Arts Commission
EL06047	eng-WL-109-174581-12950510	MGM
EL06051	eng-WL-11-174592-12941806	MGM
EL06052	eng-WL-11-174592-12942767	MGM
EL06054	eng-WL-11-174595-12970513	MGM
EL06057	eng-WL-11-174585-12939659	MGM
EL06058	eng-WL-11-174601-12971143	MGM
EL06066	eng-NG-31-103938-11671341	Merrill
EL06068	eng-NG-31-102460-11836770	Merrill
EL06077	eng-WL-11-174596-12953838	NHS
EL06079	eng-WL-110-174620-12989503	NHS
EL06086	eng-WL-11-174611-12977177	NRA
EL06087	eng-WL-11-174575-12946881	NRA
EL06092	eng-WL-11-174575-12947153	NRA
EL06094	eng-WL-11-174575-12947397	NRA
EL06101	eng-WL-11-174575-12946058	NRA
EL06104	eng-WL-11-174575-12945627	NSA
EL06106	eng-WL-11-174596-12955657	NSA
EL06107	eng-WL-11-174575-12944978	NSA
EL06109	eng-WL-11-174575-12944931	NSA
EL06125	eng-WL-11-174598-12964873	NWO
EL06130	eng-NG-31-142686-10071480	NY Times
EL06135	eng-NG-31-142692-10073442	NY Times
EL06142	eng-NG-31-141913-9976653	NY Times
EL06145	eng-NG-31-141957-9977748	NY Times
EL06150	eng-WL-11-174611-12980158	NYFD
EL06155	eng-WL-11-174595-12967636	NYT
EL06160	eng-NG-31-100896-11221773	National City Bank
EL06163	eng-NG-31-100703-11561065	National Express
EL06164	eng-NG-31-146868-10451777	National Express
EL06166	eng-NG-31-137518-9797844	National Science Foundation
EL06171	eng-NG-31-142696-10083170	National Science Foundation
EL06174	eng-NG-31-100720-10898273	National Science Foundation
EL06176	eng-NG-31-142157-10033417	National Vanguard
EL06182	eng-NG-31-142148-10020533	National Vanguard
EL06185	eng-NG-31-142157-10033420	National Vanguard
EL06187	eng-NG-31-142091-9996762	New York City Ballet
EL06188	eng-NG-31-105609-11965327	New York City Ballet
EL06190	eng-NG-31-105609-11966454	New York City Ballet
EL06200	eng-WL-11-99241-9833181	New York Stock Exchange
EL06203	eng-NG-31-100316-10826441	New York Stock Exchange
EL06204	eng-NG-31-108029-12004367	New York Stock Exchange
EL06205	eng-WL-11-99241-9833158	New York Stock Exchange
EL06222	eng-NG-31-142696-10083320	New York Times Company
EL06238	eng-NG-31-137518-9797915	New Yorker
EL06240	eng-NG-31-151724-10661561	New Yorker
EL06246	eng-NG-31-142154-10030179	North Atlantic Treaty Organization
EL06248	eng-NG-31-141971-9990898	North Atlantic Treaty Organization
EL06253	eng-WL-11-174596-12955671	OIC
EL06256	eng-WL-11-174596-12953626	OIC
EL06258	eng-WL-11-174596-12950612	OIC
EL06259	eng-WL-11-174596-12954816	OIC
EL06270	eng-NG-31-140124-9873552	Oakland Raiders
EL06272	eng-NG-31-140124-9873713	Oakland Raiders
EL06274	eng-NG-31-140124-9873384	Oakland Raiders
EL06275	eng-NG-31-140124-9873719	Oakland Raiders
EL06276	eng-NG-31-140124-9873249	Oakland Raiders
EL06278	eng-NG-31-140124-9873510	Oakland Raiders
EL06292	eng-NG-31-142498-10050025	PRO RKBA
EL06294	eng-WL-109-174581-12950801	Pacific Design Center
EL06295	eng-WL-11-174595-12968122	Pacific Design Center
EL06297	eng-WL-107-174567-12932789	Pacific Design Center
EL06299	eng-WL-11-174595-12970180	Pacific Design Center
EL06302	eng-WL-11-174575-12946626	Peace Corps
EL06304	eng-NG-31-142091-9996508	Peace Corps
EL06307	eng-NG-31-142157-10033316	Peace Corps
EL06311	eng-NG-31-142091-9996819	Peace Corps
EL06312	eng-NG-31-142147-10019001	Peace Corps
EL06313	eng-NG-31-102460-10983876	Peace Corps
EL06317	eng-NG-31-133363-12141809	Penn State
EL06319	eng-NG-31-136617-12184121	Penn State
EL06324	eng-WL-11-99241-11008216	Penn State
EL06326	eng-NG-31-100600-11181312	Pennsylvania State University
EL06327	eng-NG-31-138596-9809833	Pennsylvania State University
EL06328	eng-NG-31-141958-9980960	Pennsylvania State University
EL06336	eng-NG-31-107905-11998719	Pep Boys
EL06343	eng-NG-31-142261-10040079	Pew Research Center
EL06344	eng-NG-31-102460-11836655	Pew Research Center
EL06346	eng-NG-31-102460-10983943	Pew Research Center
EL06348	eng-NG-31-141973-9991842	Pew Research Center
EL06352	eng-WL-110-174631-12997424	Phillies
EL06353	eng-WL-11-174584-12960846	Phillies
EL06355	eng-NG-31-104267-11701178	Pittsburgh Penguins
EL06357	eng-NG-31-128710-12095762	Planet X
EL06361	eng-NG-31-133077-9494426	Primus Global Services
EL06362	eng-NG-31-135830-9767251	Primus Global Services
EL06364	eng-NG-31-133291-9509735	Primus Global Services
EL06367	eng-WL-11-174596-12952584	Princeton
EL06377	eng-WL-110-174632-12995481	Princeton
EL06406	eng-NG-31-142498-10050187	RCMP
EL06412	eng-NG-31-141893-9975577	RCMP
EL06414	eng-NG-31-142498-10050709	RCMP
EL06420	eng-NG-31-135904-9775805	Radio Shack
EL06421	eng-NG-31-142505-10056711	Radio Shack
EL06427	eng-NG-31-100555-10888188	Radio Shack
EL06431	eng-NG-31-100553-10886672	Radio Shack
EL06435	eng-NG-31-102821-11651135	Reliance Industries
EL06455	eng-NG-31-100316-11150589	Reserve Bank
EL06456	eng-NG-31-100316-11777449	Reserve Bank
EL06458	eng-NG-31-100316-11536700	Reserve Bank
EL06465	eng-NG-31-100316-10781520	Reserve Bank
EL06467	eng-NG-31-100316-11535848	Reserve Bank
EL06468	eng-NG-31-100316-11150872	Reserve Bank
EL06472	eng-NG-31-142262-10040510	Reserve Bank
EL06474	eng-NG-31-136525-12183577	Robert Wood Johnson Foundation
EL06479	eng-NG-31-142884-10103910	Roman Catholic Church
EL06482	eng-NG-31-142808-10099379	Roman Catholic Church
EL06483	eng-NG-31-100810-11598863	Roman Catholic Church
EL06487	eng-NG-31-139357-12205757	Roman Catholic Church
EL06488	eng-NG-31-142695-10081748	Roman Catholic Church
EL06489	eng-NG-31-142899-10121101	Roman Catholic Church
EL06493	eng-NG-31-100705-11786688	Roman Catholic Church
EL06494	eng-NG-31-142888-10107057	Roman Catholic Church
EL06495	eng-NG-31-143148-10148169	SPP
EL06496	eng-WL-11-174575-12946840	SS
EL06502	eng-WL-11-174595-12968173	SXSW
EL06505	eng-WL-109-174581-12950769	SXSW
EL06509	eng-WL-11-174611-12984506	SXSW
EL06511	eng-WL-11-174611-12975449	SXSW
EL06514	eng-NG-31-132417-12131176	Salsa Times
EL06521	eng-NG-31-139986-12210660	San Antonio Spurs
EL06523	eng-NG-31-142158-10034229	Sangh Parivar
EL06532	eng-NG-31-100806-11790823	Sears
EL06534	eng-NG-31-108005-12003467	Sears
EL06541	eng-WL-11-174575-12944330	Sears
EL06544	eng-NG-31-100506-10870560	Sears
EL06548	eng-NG-31-110026-12031335	Singapore Airlines
EL06559	eng-NG-31-141913-9976029	South African Communist Party
EL06567	eng-NG-31-146356-10389515	Spice Girls
EL06568	eng-NG-31-140121-9866935	Spice Girls
EL06569	eng-NG-31-141957-9979159	Spice Girls
EL06572	eng-NG-31-145805-10295685	Spice Girls
EL06577	eng-NG-31-100514-10874319	Suzuki
EL06579	eng-WL-11-174575-12943821	TIA
EL06580	eng-WL-11-99176-10723832	TIME Magazine
EL06582	eng-NG-31-100252-10778519	TIME Magazine
EL06585	eng-WL-11-174588-12938027	TNT
EL06593	eng-WL-109-174581-12950068	TNT
EL06596	eng-WL-11-174592-12943407	TNT
EL06597	eng-WL-11-174592-12942882	TNT
EL06603	eng-WL-11-174599-12965395	Target
EL06607	eng-NG-31-142719-10088410	The Herald
EL06615	eng-NG-31-141971-9990675	The Times
EL06621	eng-NG-31-142147-10017099	The Times
EL06627	eng-NG-31-142606-10065199	The Times
EL06630	eng-NG-31-142694-10079478	The Times
EL06636	eng-NG-31-140814-12218956	UC
EL06637	eng-NG-31-141913-9975998	UC
EL06641	eng-NG-31-128337-12090136	UC
EL06642	eng-NG-31-141832-9971122	UC
EL06649	eng-NG-31-142159-10035201	UN Security Council
EL06652	eng-NG-31-127442-12066646	UN Security Council
EL06653	eng-NG-31-108454-12011972	UN Security Council
EL06657	eng-NG-31-142146-10009754	UN Security Council
EL06683	eng-WL-11-174596-12957218	UNRWA
EL06686	eng-WL-11-174596-12952363	UNRWA
EL06688	eng-WL-11-174596-12953971	UNRWA
EL06691	eng-NG-31-127645-12068934	UPA Government
EL06693	eng-WL-11-174598-12965396	US State Department
EL06695	eng-WL-11-174596-12959551	US State Department
EL06696	eng-WL-11-174596-12951948	US State Department
EL06698	eng-WL-11-174596-12953757	US State Department
EL06703	eng-NG-31-103938-11272902	USA Cycling
EL06707	eng-NG-31-140389-9889976	USA Cycling
EL06708	eng-NG-31-151544-10660503	USA Cycling
EL06710	eng-NG-31-100506-11878458	United Auto Workers
EL06718	eng-NG-31-100506-11163073	United Auto Workers
EL06719	eng-NG-31-100506-11878513	United Auto Workers
EL06722	eng-NG-31-100506-11780386	United Auto Workers
EL06728	eng-NG-31-100380-10783544	University Medical Center
EL06730	eng-WL-11-174611-12974762	VA
EL06738	eng-NG-31-102730-11002026	VISVIM
EL06742	eng-WL-11-174608-12979904	Vanguard
EL06748	eng-WL-11-174643-13000263	Verizon
EL06755	eng-WL-110-174621-12994654	Verizon
EL06758	eng-WL-11-174574-12939980	Verizon
EL06773	eng-NG-31-100638-11784093	Verizon Wireless
EL06784	eng-NG-31-103934-11272865	WAYN
EL06787	eng-WL-11-174596-12954698	WWF
EL06788	eng-WL-11-174596-12951106	WWF
EL06790	eng-WL-11-174596-12951025	WWF
EL06796	eng-NG-31-140124-9873562	Washington Redskins
EL06804	eng-NG-31-142895-10117949	Washington State
EL06806	eng-NG-31-142154-10030238	Washington Times
EL06814	eng-NG-31-142147-10016437	Washington Times
EL06815	eng-NG-31-100628-11190006	Washington Times
EL06816	eng-NG-31-142695-10081519	Washington Times
EL06818	eng-NG-31-141958-9981076	Washington Times
EL06821	eng-NG-31-108100-12006747	Washington Times
EL06823	eng-NG-31-142495-10047458	Washington Times
EL06826	eng-WL-11-174611-12973382	Wells Fargo
EL06831	eng-WL-11-174604-12978117	Wells Fargo
EL06833	eng-NG-31-141860-12224155	Wells Fargo
EL06834	eng-WL-11-174608-12979538	Wells Fargo
EL06843	eng-NG-31-139486-12206274	Western Union
EL06844	eng-NG-31-101882-11885539	Western Union
EL06846	eng-NG-31-104293-11703508	Western Union
EL06848	eng-NG-31-100842-11882152	Western Union
EL06849	eng-NG-31-128693-12095440	Western Union
EL06855	eng-NG-31-125616-12036016	World Bank
EL06865	eng-NG-31-103069-11099208	World Bank
EL06877	eng-NG-31-142146-10009670	World Food Program
EL06885	eng-NG-31-142509-10060622	World Health Organisation
EL06893	eng-WL-11-174596-12956118	World Health Organisation
EL06894	eng-WL-11-174611-12981160	World Health Organisation
EL06898	eng-WL-11-174596-12952964	World Health Organisation
EL07268	eng-NG-31-142899-10120942	Colorado City
EL07438	eng-WL-11-174596-12951544	Galilee
EL07482	eng-WL-11-174596-12953394	Geneva
EL07497	eng-WL-11-174574-12934324	Georgia
EL07591	eng-WL-110-174618-12990034	Hartford
EL07759	eng-NG-31-149616-10594052	Karbala
EL08050	eng-WL-11-174611-12974390	Missouri
EL08057	eng-WL-11-174604-12977597	Missouri
EL08222	eng-NG-31-127439-12066586	Nazareth
EL08322	eng-WL-11-174611-12978846	Oakland
EL08338	eng-WL-11-174575-12946735	Ohio
EL08341	eng-WL-11-174611-12982579	Ohio
EL08487	eng-WL-11-174595-12967882	Puerto Rico
EL08507	eng-WL-11-174603-12971961	Richmond
EL08509	eng-WL-11-174574-12938819	Rochester
EL08585	eng-NG-31-104291-11703268	Salt Lake City
EL08656	eng-WL-11-174646-13000564	Sao Paulo
EL08707	eng-WL-11-174596-12953333	Seattle
EL08866	eng-WL-11-174596-12953540	Teheran
EL08905	eng-WL-11-174575-12944213	Turkey
EL09020	eng-WL-11-174596-12959952	Zimbabwe
EL09029	eng-NG-31-104385-11708448	Abe Lincoln
EL09040	eng-NG-31-100723-10898839	Alex Anderson
EL09088	eng-WL-11-174595-12968565	Beau
EL09102	eng-NG-31-100316-10782035	Bill Gates
EL09114	eng-NG-31-100818-10917822	Bill Gates
EL09158	eng-NG-31-139672-9835787	Bobby Fischer
EL09159	eng-NG-31-139687-9848761	Bobby Fischer
EL09161	eng-NG-31-139672-9835810	Bobby Fischer
EL09186	eng-NG-31-141888-9975049	Brian Williams
EL09194	eng-NG-31-147907-10553886	Britney Spears
EL09196	eng-NG-31-142679-10067722	Britney Spears
EL09200	eng-NG-31-145806-10297406	Britney Spears
EL09205	eng-NG-31-146464-10426064	Britney Spears
EL09210	eng-NG-31-145805-10295678	Britney Spears
EL09211	eng-WL-11-174585-12938321	Bruce Campbell
EL09214	eng-WL-11-174601-12970092	Bruce Campbell
EL09215	eng-WL-11-174601-12970800	Bruce Campbell
EL09216	eng-WL-11-174601-12969634	Bruce Campbell
EL09219	eng-WL-11-174601-12970042	Bruce Campbell
EL09221	eng-NG-31-142980-10136587	Bruce Lee
EL09264	eng-WL-11-174611-12982443	Cyndi
EL09269	eng-NG-31-142158-10034617	David Paterson
EL09300	eng-NG-31-139814-9851889	Douglas Adams
EL09320	eng-WL-109-174581-12950569	George Harrison
EL09321	eng-WL-11-174643-12999989	George Harrison
EL09322	eng-WL-11-174595-12968301	George Harrison
EL09327	eng-NG-31-141971-9990466	George W Bush
EL09342	eng-NG-31-142146-10010211	George W Bush
EL09356	eng-NG-31-142156-10031840	Gordon Brown
EL09387	eng-NG-31-146464-10426123	Heidi Klum
EL09413	eng-NG-31-140128-9880893	Jamal Williams
EL09440	eng-NG-31-141957-9980054	Jessica Simpson
EL09444	eng-NG-31-145805-10295786	Jessica Simpson
EL09472	eng-WL-11-99241-10725123	Joe Biden
EL09476	eng-WL-11-99241-10725121	Joe Biden
EL09479	eng-NG-31-109701-12029647	Joe Biden
EL09501	eng-NG-31-140133-9885482	Jon Gruden
EL09506	eng-NG-31-100902-10931024	Joseph Campbell
EL09514	eng-NG-31-100788-10909083	Justin Timberlake
EL09515	eng-NG-31-141960-9983640	Justin Timberlake
EL09531	eng-WL-11-174611-12985922	Kenneth Hill
EL09550	eng-NG-31-105609-11965272	Kristen Smiarowski
EL09571	eng-NG-31-126060-12042481	Leanne Goebel
EL09582	eng-NG-31-141913-9975847	Lester Brown
EL09592	eng-WL-11-99230-9831715	Lewis Carroll
EL09612	eng-NG-31-135592-9756347	Mark Twain
EL09626	eng-WL-11-174611-12984624	Matt Sanchez
EL09653	eng-WL-11-174611-12984643	Michael Petrelis
EL09657	eng-WL-11-174611-12977179	Michael Petrelis
EL09709	eng-WL-107-174567-12932670	Pam Anderson
EL09722	eng-NG-31-102460-11644919	Paul Sullivan
EL09732	eng-WL-11-174598-12965240	Paul Walker
EL09742	eng-NG-31-100550-10882853	Pete Arnold
EL09749	eng-NG-31-100476-11780054	Pete C
EL09765	eng-NG-31-100702-11212314	Rachael Ray
EL09776	eng-NG-31-100465-10799959	Ray Langley
EL09800	eng-NG-31-100466-10800283	Raymond Karczewski
EL09819	eng-NG-31-142091-9996994	Robert Kennedy
EL09827	eng-NG-31-100906-10932556	Robert Menendez
EL09846	eng-NG-31-142500-10051424	Stephen Hawking
EL09854	eng-NG-31-142091-9996935	Stephen King
EL09885	eng-NG-31-105609-11965775	Tom Coburn
EL09891	eng-NG-31-102599-11230456	Travis Tritt
EL09913	eng-WL-11-174592-12941163	Tripp
EL09940	eng-NG-31-139814-9851889	Warren Buffett
EL09960	eng-WL-110-174612-12991161	Wayne Nugent
EL09971	eng-NG-31-141957-9980220	Will Smith
EL09972	eng-NG-31-143278-10174755	Will Smith
EL09975	eng-NG-31-147907-10554546	Will Smith
EL09982	eng-NG-31-102388-10982571	William McGinnis
EL10003	eng-NG-31-104877-11907673	William Shakespeare
EL10007	eng-NG-31-100981-10934830	William Shakespeare
EL10017	eng-NG-31-141957-9978097	William Shakespeare
EL10022	eng-WL-11-174592-12942648	William Walker
EL10024	eng-WL-11-174592-12942946	William Walker
EL10032	eng-NG-31-131570-9408824	Woody Allen
EL10042	eng-NG-31-141957-9978211	Woody Allen
EL10052	eng-WL-11-174611-12976888	ADF
EL10058	eng-WL-11-174596-12959669	AUT
EL10070	eng-WL-111-174636-12999389	Ajax
EL10077	eng-NG-31-141913-9976364	Al Qaeda
EL10096	eng-NG-31-141827-9969640	American Veterinary Medical Association
EL10098	eng-NG-31-126737-12057850	American Veterinary Medical Association
EL10107	eng-NG-31-109114-12026946	BCS
EL10113	eng-WL-11-174595-12966322	BMG
EL10124	eng-NG-31-140748-9894324	Bloomfield Hills Schools
EL10129	eng-NG-31-142499-10050927	Borders
EL10130	eng-NG-31-141879-9974878	Borders
EL10134	eng-NG-31-100572-11548687	Borders
EL10140	eng-NG-31-140131-9884252	Buffalo Bills
EL10148	eng-WL-109-174581-12951003	CAA
EL10150	eng-WL-11-174595-12968108	CAA
EL10162	eng-NG-31-141808-9967329	CUNY
EL10184	eng-NG-31-142606-10065032	Chancery Division
EL10194	eng-NG-31-141959-9982210	Chinese Communist Party
EL10197	eng-WL-11-174572-12945306	Chrysler
EL10202	eng-WL-11-174611-12976009	Chrysler
EL10203	eng-WL-11-174592-12942696	Colts
EL10207	eng-NG-31-145385-10288008	Columbia University
EL10225	eng-WL-109-174581-12950098	Comcast
EL10226	eng-WL-11-174611-12971452	Comcast
EL10230	eng-WL-11-174611-12971906	Comcast
EL10235	eng-WL-11-174611-12970316	DEA
EL10237	eng-WL-11-174575-12944195	DEA
EL10268	eng-NG-31-137720-12192800	Democratic Party
EL10277	eng-NG-31-147907-10553698	Democratic Party
EL10280	eng-NG-31-142145-10007970	Democratic Party
EL10286	eng-WL-11-174588-12938231	Dodgers
EL10291	eng-WL-11-174608-12979356	Dodgers
EL10297	eng-WL-11-174575-12943769	EPA
EL10317	eng-WL-110-174626-12995760	Ebay
EL10337	eng-WL-11-174575-12948719	FAA
EL10338	eng-WL-11-174611-12982738	FAA
EL10343	eng-WL-110-174631-12997565	FAA
EL10345	eng-WL-11-174606-12978493	FDIC
EL10348	eng-WL-11-174608-12979405	FDIC
EL10349	eng-WL-11-174608-12979895	FDIC
EL10356	eng-WL-11-174608-12979246	FICO
EL10360	eng-NG-31-100316-11150944	Federal Open Market Committee
EL10363	eng-NG-31-100316-11877353	General Motors Corp
EL10367	eng-NG-31-142148-10022380	Giuen Holding Ltd
EL10397	eng-NG-31-141971-9990213	Goldman Sachs
EL10405	eng-NG-31-141913-9976053	Green Party
EL10409	eng-NG-31-100893-10928468	Green Party
EL10414	eng-WL-11-99176-10815100	Green Party
EL10426	eng-WL-11-174611-12970537	HAARP
EL10427	eng-WL-11-174606-12978668	HAARP
EL10442	eng-NG-31-142509-10060398	Humantics Foundation
EL10457	eng-NG-31-102388-10982572	Internet Church Of Christ
EL10468	eng-NG-31-142510-10061479	Iowa State University
EL10471	eng-NG-31-128651-12095008	Iowa State University
EL10480	eng-NG-31-141823-9969194	Israeli Supreme Court
EL10509	eng-WL-11-174596-12959236	MSN
EL10514	eng-NG-31-137586-9798618	Manhattan Institute
EL10518	eng-NG-31-149596-10592774	Marine Corps
EL10521	eng-WL-11-99241-9833112	Marine Corps
EL10546	eng-WL-11-174587-12962323	Mercedes Benz
EL10576	eng-NG-31-142495-10047254	National Assembly
EL10593	eng-NG-31-104379-11707572	National Post
EL10604	eng-NG-31-142498-10050263	National Rifle Association
EL10605	eng-NG-31-102460-10984333	National Rifle Association
EL10609	eng-NG-31-100640-11197807	National Rifle Association
EL10618	eng-NG-31-142606-10065197	New Line Cinema
EL10622	eng-NG-31-135366-9727853	New Line Cinema
EL10649	eng-WL-11-174643-13000462	PGA
EL10668	eng-WL-11-174611-12973802	PSB
EL10676	eng-NG-31-148121-10557857	Penn State University
EL10679	eng-NG-31-142649-10066473	Penn State University
EL10684	eng-NG-31-100554-11546982	Princeton University
EL10685	eng-NG-31-142503-10055110	Princeton University
EL10695	eng-NG-31-142696-10083112	Princeton University
EL10696	eng-NG-31-142649-10066391	Princeton University
EL10699	eng-NG-31-148121-10557902	Princeton University
EL10700	eng-NG-31-141913-9975960	Princeton University
EL10723	eng-NG-31-150016-10623146	Saras America Inc
EL10739	eng-NG-31-102460-11229922	Secret Service
EL10747	eng-NG-31-102460-10984470	Secret Service
EL10755	eng-NG-31-142148-10020608	Senate Foreign Relations Committee
EL10759	eng-NG-31-142692-10073065	Senate Foreign Relations Committee
EL10760	eng-NG-31-142653-10066957	Senate Foreign Relations Committee
EL10770	eng-NG-31-133418-9545356	Serbiz Inc
EL10785	eng-NG-31-104221-11699335	Smithsonian Institution
EL10788	eng-NG-31-142510-10061532	Soil Association
EL10809	eng-WL-11-99234-11875207	State Department
EL10814	eng-WL-11-99241-10808957	State Department
EL10838	eng-NG-31-136050-9782407	TOAD
EL10849	eng-NG-31-142157-10033382	Tamil Tigers
EL10861	eng-NG-31-100112-10777071	Tampa Bay
EL10867	eng-NG-31-140124-9873701	Tampa Bay
EL10869	eng-NG-31-140132-9884990	Tampa Bay
EL10874	eng-WL-11-174596-12951423	The Associated Press
EL10875	eng-WL-11-174611-12973626	The Associated Press
EL10879	eng-NG-31-141913-9975730	Toronto Sun
EL10887	eng-NG-31-146209-10347949	Treasury Select Committee
EL10889	eng-NG-31-146209-10348040	Treasury Select Committee
EL10906	eng-WL-110-174632-12995574	UMNO
EL10913	eng-NG-31-102460-11645378	US Airways
EL10914	eng-NG-31-125713-12036611	US Airways
EL10919	eng-NG-31-102460-11645359	US Airways
EL10929	eng-NG-31-100316-10825170	US Federal Reserve
EL10952	eng-NG-31-125713-12036598	US Navy
EL10971	eng-NG-31-134071-12158247	US Senate
EL10976	eng-WL-11-99241-10725706	US Senate
EL10984	eng-NG-31-100641-11198581	USC
EL10986	eng-WL-11-174592-12941465	USC
EL11007	eng-WL-11-174608-12979379	Wal Mart
EL11017	eng-WL-11-174608-12979395	Walgreens
EL11021	eng-WL-11-174611-12980484	Walgreens
EL11051	eng-NG-31-141913-9976385	World Trade Organisation
